전기·전자,"AI 슈퍼사이클 끝나가나…증시가 주목한 3가지 경고 신호","반도체를 포함한 국내 증시가 조정받으면서 공급 과잉, 금리와 수요 둔화, 자금조달 위험이 AI 슈퍼사이클의 주요 변수로 부상했다. 삼성전자와 SK하이닉스의 실적 발표가 업종 투자심리에 영향을 줄 전망이다."
전기·전자,"中 CXMT, 상장 첫날 시총 1위…삼성·SK D램 추격 본격화","중국 CXMT가 상장 첫날 공모가 대비 465.82% 상승했고 생산라인 확충과 D램 기술 고도화 계획을 밝혔다. 삼성전자는 범용 D램 생산능력 확대를 추진하고 LG전자는 AI 데이터센터용 600킬로와트급 액체냉각 솔루션의 엔비디아 품질 인증을 받았다."
전기·전자,"네이버, 엔비디아 3대 주주로…22년 만에 1.5조 유상증자","네이버가 엔비디아·브룩필드와 100억 달러 규모 AI 인프라 구축을 추진한다. 2027년 55메가와트 규모 AI 팩토리 가동을 목표로 해 반도체와 데이터센터 냉각 등 전기전자 공급망 수요 확대 여부가 주목된다."
전기·전자,"삼성·하이닉스 HBM 검사망 파고든 韓 장비…HBM4서 확대","국내 반도체 장비 기업들이 삼성전자와 SK하이닉스의 HBM 검사 공정에 진입하고 있다. 차세대 HBM4에서 검사 장비 적용 범위가 확대될 가능성이 있어 국내 장비 공급망의 성장성이 부각됐다."
전기·전자,"내년 메모리 시장 8000억달러 전망…삼성·SK 가격 협상력 커지나","AI 추론 수요 확대로 글로벌 메모리 시장이 내년 약 8000억 달러에 이를 것이란 전망이 나왔다. 범용 D램과 낸드 가격 상승이 예상되면서 삼성전자와 SK하이닉스의 가격 협상력과 실적 개선 가능성이 주목된다."
전기·전자,"범용D램 넘어 HBM까지 노리는 中…韓, AI칩 초격차 속도내야","CXMT가 범용 D램에서 HBM과 서버용 D램으로 사업을 넓히며 중국 반도체 자립 속도를 높이고 있다. 국내 업계는 HBM과 AI 메모리 연구개발을 강화하고 정부 지원을 확대해야 한다는 분석이 제기됐다."
전기·전자,"엔비디아, 7500억달러 규모 AI 베팅…순환금융 우려 재점화","엔비디아를 중심으로 AI 기업에 투자한 자금이 다시 칩 구매 매출로 이어지는 순환 구조가 확대되고 있다. AI 인프라 투자 확대 기대와 함께 수요의 지속 가능성과 자금조달 위험을 점검해야 한다는 지적이 나왔다."
전기·전자,"화면 커질수록 OLED로…초대형 TV 시장 이끄는 LG전자","70인치 이상 TV 비중과 초대형 OLED 출하량이 증가했으며 LG전자는 OLED TV 출하량의 53%를 차지했다. OTT 기반 4K 콘텐츠 확산과 OLED의 명암비 경쟁력이 초대형 TV 수요를 견인하고 있다."
전기·전자,"삼성전자, 대한민국 올해의 녹색상품 16개 선정","삼성전자의 생활가전 14종과 모바일 제품 2종이 녹색상품으로 선정됐다. AI 기반 에너지 절감 기술과 재활용 소재 확대가 평가받아 전기전자 업계에서 고효율·친환경 제품 경쟁이 강화되고 있다."
전기·전자,"브로드컴 질주·CXMT 상장…반도체 지각변동","브로드컴이 맞춤형 AI 반도체 협력으로 성장하고 CXMT가 상장을 통해 대규모 자금을 조달했다. AI 반도체와 메모리 시장에서 공급자 다변화가 진행되며 국내 전기전자 업계의 경쟁 구도 변화가 예상된다."
SK하이닉스,"中 CXMT 상장, 삼전닉스 안 흔든다…피크아웃 우려 과도","CXMT의 생산능력 확대를 당장 글로벌 D램 공급 과잉 신호로 보기는 이르다는 분석이 나왔다. CXMT의 첨단 공정 양산은 아직 제한적이며 데이터센터와 HBM 수요가 메모리 업황을 지지할 것으로 전망됐다."
SK하이닉스,"AI 슈퍼사이클 끝나가나…증시가 주목한 3가지 경고 신호","SK하이닉스 주가는 고점 대비 큰 폭으로 조정받았고 공급 과잉과 AI 투자 자금조달 문제가 위험 요인으로 제시됐다. 시장은 차기 실적 발표에서 HBM 수요와 수익성 전망을 확인하려 하고 있다."
SK하이닉스,"삼성·하이닉스 HBM 검사망 파고든 韓 장비…HBM4서 확대","국내 검사 장비 업체들이 SK하이닉스의 HBM 생산 공정에 공급망을 넓히고 있다. HBM4 세대에서 검사 공정의 중요성이 커지면서 생산 효율과 수율 개선 여부가 핵심 경쟁력으로 부상했다."
SK하이닉스,"SK하이닉스 ADR로 몰려간 서학개미…세금 더 내는데 왜","국내 투자자들이 미국 시장에 상장된 SK하이닉스 ADR 거래에 관심을 보였다. 거래 접근성과 레버리지 상품 수요가 배경이지만 본주와의 가격 차이, 세금, 높은 변동성을 함께 고려해야 한다는 내용이다."
SK하이닉스,"한달새 1100조 증발한 삼전·하이닉스…AI동맹, 피크아웃 공포 흔드나","AI 투자 지속 가능성에 대한 우려로 삼성전자와 SK하이닉스의 시가총액이 크게 감소했다. 대규모 AI 인프라 동맹이 실제 메모리 수요와 실적으로 연결되는지가 주가 회복의 관건으로 제시됐다."
SK하이닉스,"내년 메모리 시장 8000억달러 전망…삼성·SK 가격 협상력 커지나","AI 추론 서버의 메모리 탑재량 증가로 글로벌 메모리 시장이 확대될 것이란 전망이 나왔다. D램과 낸드 가격 상승 예상은 SK하이닉스의 매출과 가격 협상력에 긍정적인 요인으로 평가된다."
SK하이닉스,"범용D램 넘어 HBM까지 노리는 中…韓, AI칩 초격차 속도내야","CXMT가 범용 D램뿐 아니라 HBM3 양산 투자까지 추진하면서 장기 경쟁 위험이 커지고 있다. SK하이닉스는 HBM 기술 격차와 고객 협력을 강화해 중국 업체의 추격에 대응해야 한다는 분석이다."
SK하이닉스,"CXMT의 공습…K메모리 살 길은 한미 AI동맹","CXMT의 글로벌 D램 점유율이 확대되고 저가 경쟁 가능성이 제기됐다. SK하이닉스 등 국내 업체는 한미 AI 협력과 차세대 HBM 연구개발을 통해 고부가 메모리 경쟁력을 유지해야 한다는 제언이 나왔다."
SK하이닉스,"중국발 반도체 쇼크에 프리마켓서 SK하이닉스 7% 하락","CXMT 상장과 미국 AI 반도체주 약세가 겹치며 SK하이닉스가 프리마켓에서 약 7% 하락했다. 중국 공급 확대 우려와 AI 투자 수익성 논쟁이 단기 투자심리를 압박했다."
SK하이닉스,"韓美 메가톤급 실적 직전 깜짝 인상 있으려나","미국 빅테크와 SK하이닉스의 실적 발표를 앞두고 AI 자본지출 계획에 시장 관심이 집중됐다. 빅테크의 투자 확대 여부는 HBM을 포함한 메모리 수요 전망에 직접적인 영향을 줄 변수로 꼽힌다."
LG전자,"화면 커질수록 OLED로…초대형 TV 시장 이끄는 LG전자","70인치 이상 OLED TV 출하량이 전년 동기 대비 26% 증가한 가운데 LG전자는 OLED TV 출하량 점유율 53%를 기록했다. 대형 화면의 화질 경쟁력과 4K 콘텐츠 확산이 수요 증가 배경으로 분석됐다."
LG전자,"LG전자 AI 데이터센터 액체냉각 솔루션, 엔비디아 인증","LG전자의 600킬로와트급 냉각수 분배 장치가 엔비디아 품질 인증을 받았다. 회사는 AI 데이터센터용 고효율 액체냉각 솔루션의 초대형 제품군으로 인증 범위를 확대할 계획이다."
LG전자,"테마 넘어 실적으로 입증하는 AI 솔루션…투자 심리 후끈","AI가 B2B와 B2C 서비스로 확산되면서 음성인식과 맞춤형 솔루션을 공급하는 기업들이 주목받고 있다. LG전자를 포함한 전자 기업은 기기와 AI 서비스를 결합한 사업 성과가 투자심리의 핵심으로 평가된다."
LG전자,"네이버·엔비디아 AI 팩토리 구축…데이터센터 냉각 수요 확대","네이버와 엔비디아, 브룩필드가 대규모 AI 인프라 구축을 추진한다. AI 팩토리의 전력 밀도가 높아지면서 LG전자가 추진하는 데이터센터 액체냉각 사업의 시장 확대 가능성이 부각된다."
LG전자,"초대형 OLED 시장 성장…LCD보다 빠른 출하 증가","70인치 이상 OLED TV 출하량 증가율이 같은 크기 LCD TV 성장률을 크게 웃돌았다. 프리미엄 TV 시장에서 OLED 비중이 늘어 LG전자의 제품 믹스와 수익성에 긍정적인 환경이 조성되고 있다."
LG전자,"AI 인프라 확대, 전기전자 기업의 B2B 기회로","글로벌 빅테크의 AI 인프라 투자가 서버뿐 아니라 냉각·전력·제어 솔루션 수요로 확산되고 있다. 가전과 공조 기술을 보유한 LG전자에는 데이터센터 열관리 사업을 확대할 기회로 평가된다."
LG전자,"친환경·고효율 가전 경쟁 심화","전기전자 업계가 AI 기반 에너지 절감과 친환경 소재 적용을 강화하고 있다. 경쟁사의 고효율 가전 확대는 LG전자에도 프리미엄 가전의 소비전력 절감과 환경성 차별화를 요구하는 요인이다."
LG전자,"AI 솔루션, 인프라 넘어 실생활 응용 서비스로 확장","AI 투자 흐름이 데이터센터 구축에서 가정과 사업장용 응용 서비스로 확대되고 있다. LG전자는 TV와 생활가전, 공조 제품에 AI 기능을 결합해 하드웨어 판매 이후의 서비스 수익을 모색할 수 있다."
LG전자,"글로벌 AI 투자 지속 가능성 논쟁…냉각 사업도 수요 검증 필요","AI 기업 투자금이 칩 구매로 되돌아오는 순환금융 우려가 제기됐다. LG전자의 데이터센터 냉각 사업에는 AI 설비투자 확대가 기회지만 최종 수요와 고객 투자 지속성을 함께 점검해야 한다."
LG전자,"프리미엄 TV 시장, 대화면과 화질 경쟁 중심으로 재편","OTT의 4K 콘텐츠 소비가 늘면서 대화면에서 완전한 블랙과 높은 명암비를 제공하는 OLED의 강점이 커지고 있다. LG전자는 2026년형 OLED 제품에서 AI 화질 기능을 강화해 시장 공략을 이어갈 계획이다."
삼성전자,"갤럭시 Z 폴드8·플립8 사전예약 시작…이통3사 혜택 경쟁","통신 3사가 갤럭시 Z8 시리즈 사전예약을 시작하고 저장공간 확대, 요금 할인, 구독 혜택 등을 내걸었다. 예약 판매와 공식 출시 과정에서 폴더블 신제품의 초기 수요가 확인될 전망이다."
삼성전자,"삼성전자, 대한민국 올해의 녹색상품 16개 선정","삼성전자의 생활가전 14종과 모바일 제품 2종이 녹색상품으로 선정됐다. AI 기반 에너지 절감 기능과 재활용 소재 확대, 장기 소프트웨어 지원 등이 주요 성과로 평가됐다."
삼성전자,"삼성전자, 로봇 다시 승부수…투자·조직개편 동시 가동","삼성전자가 로봇 사업 관련 투자와 조직 정비를 동시에 추진하며 신사업 확대에 나섰다. 기존 전자제품과 AI 기술을 로봇 플랫폼에 연결해 장기 성장동력을 확보할지가 관심사다."
삼성전자,"삼성전자, 브로드컴과 협력은 시작일 뿐…주도권 잡았다","삼성전자가 브로드컴과 반도체 협력을 강화하며 파운드리와 AI 반도체 생태계에서 고객 기반 확대를 추진하고 있다. 첨단 공정 수율과 후속 대형 계약 확보가 실적 개선의 핵심으로 꼽힌다."
삼성전자,"젠슨 황도 고맙다…삼성 파운드리의 반전","삼성 파운드리가 대형 고객 부재와 수율 문제 속에서도 AI 칩 생산 계약을 늘리고 있다. 테슬라 공급 계약과 AI 추론용 칩 생산이 확인되면서 첨단 파운드리 사업 회복 기대가 제기됐다."
삼성전자,"삼성·하이닉스 HBM 검사망 파고든 韓 장비…HBM4서 확대","삼성전자의 HBM 생산망에 국내 검사 장비 업체들의 진입이 확대되고 있다. HBM4 양산 과정에서 검사 기술과 수율 안정화가 고객 인증 및 시장점유율 회복의 주요 과제가 될 전망이다."
삼성전자,"中 CXMT 상장, 삼성 D램 추격 본격화","CXMT가 상장으로 대규모 자금을 확보하고 D램 생산능력과 기술 투자를 확대할 계획이다. 삼성전자는 범용 D램 생산라인 전환과 첨단 메모리 투자를 병행하며 중국 업체의 추격에 대응하고 있다."
삼성전자,"AI 슈퍼사이클 경고 신호…실적과 투자 지속성 주목","삼성전자 주가가 고점 대비 조정받은 가운데 AI 공급 과잉과 자금조달 위험이 제기됐다. 시장은 메모리 가격과 HBM 경쟁력, 파운드리 회복이 다음 실적에 어떻게 반영될지 주목하고 있다."
삼성전자,"삼성 월렛 하나 트래블로그 체크카드 출시","삼성전자가 삼성 월렛에 하나 트래블로그 체크카드를 추가했다. 해외 결제와 포인트 적립 기능을 결합해 갤럭시 생태계의 금융 서비스 활용도를 높이는 전략이다."
삼성전자,"삼성, 갤럭시 탭 S12·S26 FE 출격 임박…국내 전파인증 완료","삼성전자의 갤럭시 탭 S12와 갤럭시 S26 FE가 국내 전파인증을 마쳤다. 신제품 출시가 임박하면서 모바일 제품군 확대와 하반기 판매 흐름에 관심이 모인다."
